Comment,Designator,Footprint,LCSC
1K,R8,R_0805_2012Metric_Pad1.20x1.40mm_HandSolder,
1K,R10,R_0805_2012Metric_Pad1.20x1.40mm_HandSolder,
Output,J2,"PhoenixContact_MCV_1,5_10-G-3.5_1x10_P3.50mm_Vertical",
LED,D8,LED_1206_3216Metric_Pad1.42x1.75mm_HandSolder,
MountingHole,H2,MountingHole_3.2mm_M3,
1K,R4,R_0805_2012Metric_Pad1.20x1.40mm_HandSolder,
LED,D2,LED_1206_3216Metric_Pad1.42x1.75mm_HandSolder,
LED,D7,LED_1206_3216Metric_Pad1.42x1.75mm_HandSolder,
1K,R3,R_0805_2012Metric_Pad1.20x1.40mm_HandSolder,
1K,R11,R_0805_2012Metric_Pad1.20x1.40mm_HandSolder,
MountingHole,H4,MountingHole_3.2mm_M3,
CPC1706Y,K7,CPC1706Y_IXY,
1K,R9,R_0805_2012Metric_Pad1.20x1.40mm_HandSolder,
1K,R13,R_0805_2012Metric_Pad1.20x1.40mm_HandSolder,
1K,R5,R_0805_2012Metric_Pad1.20x1.40mm_HandSolder,
LED,D6,LED_1206_3216Metric_Pad1.42x1.75mm_HandSolder,
LED,D5,LED_1206_3216Metric_Pad1.42x1.75mm_HandSolder,
1K,R14,R_0805_2012Metric_Pad1.20x1.40mm_HandSolder,
CPC1706Y,K8,CPC1706Y_IXY,
CPC1706Y,K2,CPC1706Y_IXY,
LED,D3,LED_1206_3216Metric_Pad1.42x1.75mm_HandSolder,
1K,R6,R_0805_2012Metric_Pad1.20x1.40mm_HandSolder,
1K,R16,R_0805_2012Metric_Pad1.20x1.40mm_HandSolder,
CPC1706Y,K6,CPC1706Y_IXY,
Input,J1,"PhoenixContact_MCV_1,5_10-G-3.5_1x10_P3.50mm_Vertical",
CPC1706Y,K1,CPC1706Y_IXY,
1K,R1,R_0805_2012Metric_Pad1.20x1.40mm_HandSolder,
LED,D4,LED_1206_3216Metric_Pad1.42x1.75mm_HandSolder,
CPC1706Y,K3,CPC1706Y_IXY,
MountingHole,H1,MountingHole_3.2mm_M3,
MountingHole,H3,MountingHole_3.2mm_M3,
CPC1706Y,K4,CPC1706Y_IXY,
1K,R12,R_0805_2012Metric_Pad1.20x1.40mm_HandSolder,
CPC1706Y,K5,CPC1706Y_IXY,
1K,R7,R_0805_2012Metric_Pad1.20x1.40mm_HandSolder,
1K,R2,R_0805_2012Metric_Pad1.20x1.40mm_HandSolder,
LED,D1,LED_1206_3216Metric_Pad1.42x1.75mm_HandSolder,
1K,R15,R_0805_2012Metric_Pad1.20x1.40mm_HandSolder,
