Designator,Val,Package,Mid X,Mid Y,Rotation,Layer
D1,LED,LED_1206_3216Metric_Pad1.42x1.75mm_HandSolder,67.2449,-84.6836,0.0,top
D2,LED,LED_1206_3216Metric_Pad1.42x1.75mm_HandSolder,79.1972,-58.6232,0.0,top
D3,LED,LED_1206_3216Metric_Pad1.42x1.75mm_HandSolder,90.6129,-84.582,0.0,top
D4,LED,LED_1206_3216Metric_Pad1.42x1.75mm_HandSolder,101.8397,-58.674,0.0,top
D5,LED,LED_1206_3216Metric_Pad1.42x1.75mm_HandSolder,112.7252,-84.6836,0.0,top
D6,LED,LED_1206_3216Metric_Pad1.42x1.75mm_HandSolder,122.5153,-58.6232,0.0,top
D7,LED,LED_1206_3216Metric_Pad1.42x1.75mm_HandSolder,132.4721,-85.6996,0.0,top
D8,LED,LED_1206_3216Metric_Pad1.42x1.75mm_HandSolder,137.0441,-58.674,0.0,top
J1,Input,"PhoenixContact_MCV_1,5_10-G-3.5_1x10_P3.50mm_Vertical",104.6252,-91.3892,0.0,top
J2,Output,"PhoenixContact_MCV_1,5_10-G-3.5_1x10_P3.50mm_Vertical",104.1067,-52.6617,0.0,top
K1,CPC1706Y,CPC1706Y_IXY,65.7352,-71.9455,90.0,top
K2,CPC1706Y,CPC1706Y_IXY,77.6224,-71.9455,90.0,top
K3,CPC1706Y,CPC1706Y_IXY,89.1032,-71.9455,90.0,top
K4,CPC1706Y,CPC1706Y_IXY,100.1268,-71.9455,90.0,top
K5,CPC1706Y,CPC1706Y_IXY,111.2012,-71.9455,90.0,top
K6,CPC1706Y,CPC1706Y_IXY,121.1072,-71.9455,90.0,top
K7,CPC1706Y,CPC1706Y_IXY,131.0132,-71.9455,90.0,top
K8,CPC1706Y,CPC1706Y_IXY,142.0876,-71.9455,90.0,top
R1,1K,R_0805_2012Metric_Pad1.20x1.40mm_HandSolder,71.7804,-78.3336,180.0,top
R10,1K,R_0805_2012Metric_Pad1.20x1.40mm_HandSolder,83.8868,-58.6232,180.0,top
R11,1K,R_0805_2012Metric_Pad1.20x1.40mm_HandSolder,95.5565,-84.5956,180.0,top
R12,1K,R_0805_2012Metric_Pad1.20x1.40mm_HandSolder,106.6309,-58.7012,180.0,top
R13,1K,R_0805_2012Metric_Pad1.20x1.40mm_HandSolder,117.4844,-84.6736,180.0,top
R14,1K,R_0805_2012Metric_Pad1.20x1.40mm_HandSolder,127.3413,-58.6268,180.0,top
R15,1K,R_0805_2012Metric_Pad1.20x1.40mm_HandSolder,137.1822,-85.6996,180.0,top
R16,1K,R_0805_2012Metric_Pad1.20x1.40mm_HandSolder,141.6304,-58.6404,180.0,top
R2,1K,R_0805_2012Metric_Pad1.20x1.40mm_HandSolder,83.9216,-78.232,180.0,top
R3,1K,R_0805_2012Metric_Pad1.20x1.40mm_HandSolder,94.8436,-78.2828,180.0,top
R4,1K,R_0805_2012Metric_Pad1.20x1.40mm_HandSolder,105.7656,-78.2828,180.0,top
R5,1K,R_0805_2012Metric_Pad1.20x1.40mm_HandSolder,116.2972,-78.1812,180.0,top
R6,1K,R_0805_2012Metric_Pad1.20x1.40mm_HandSolder,126.1364,-78.2828,180.0,top
R7,1K,R_0805_2012Metric_Pad1.20x1.40mm_HandSolder,134.62,-79.2988,90.0,top
R8,1K,R_0805_2012Metric_Pad1.20x1.40mm_HandSolder,138.684,-77.3176,-90.0,top
R9,1K,R_0805_2012Metric_Pad1.20x1.40mm_HandSolder,71.6628,-84.7072,180.0,top
